D:\simulator-windows-64\Data\IMG\center_2021_01_28_16_16_24_244.jpg, D:\simulator-windows-64\Data\IMG\left_2021_01_28_16_16_24_244.jpg, D:\simulator-windows-64\Data\IMG\right_2021_01_28_16_16_24_244.jpg, 0, 0, 0, 8.313672E-05
D:\simulator-windows-64\Data\IMG\center_2021_01_28_16_16_24_346.jpg, D:\simulator-windows-64\Data\IMG\left_2021_01_28_16_16_24_346.jpg, D:\simulator-windows-64\Data\IMG\right_2021_01_28_16_16_24_346.jpg, 0, 0, 0, 8.260773E-05
D:\simulator-windows-64\Data\IMG\center_2021_01_28_16_16_24_450.jpg, D:\simulator-windows-64\Data\IMG\left_2021_01_28_16_16_24_450.jpg, D:\simulator-windows-64\Data\IMG\right_2021_01_28_16_16_24_450.jpg, 0, 0, 0, 8.308664E-05
D:\simulator-windows-64\Data\IMG\center_2021_01_28_16_16_24_552.jpg, D:\simulator-windows-64\Data\IMG\left_2021_01_28_16_16_24_552.jpg, D:\simulator-windows-64\Data\IMG\right_2021_01_28_16_16_24_552.jpg, 0, 0, 0, 8.161122E-05
D:\simulator-windows-64\Data\IMG\center_2021_01_28_16_16_24_653.jpg, D:\simulator-windows-64\Data\IMG\left_2021_01_28_16_16_24_653.jpg, D:\simulator-windows-64\Data\IMG\right_2021_01_28_16_16_24_653.jpg, 0, 0, 0, 8.142294E-05
D:\simulator-windows-64\Data\IMG\center_2021_01_28_16_16_24_753.jpg, D:\simulator-windows-64\Data\IMG\left_2021_01_28_16_16_24_753.jpg, D:\simulator-windows-64\Data\IMG\right_2021_01_28_16_16_24_753.jpg, 0, 0, 0, 8.119384E-05
D:\simulator-windows-64\Data\IMG\center_2021_01_28_16_16_24_854.jpg, D:\simulator-windows-64\Data\IMG\left_2021_01_28_16_16_24_854.jpg, D:\simulator-windows-64\Data\IMG\right_2021_01_28_16_16_24_854.jpg, 0, 0, 0, 8.21753E-05
D:\simulator-windows-64\Data\IMG\center_2021_01_28_16_16_24_956.jpg, D:\simulator-windows-64\Data\IMG\left_2021_01_28_16_16_24_956.jpg, D:\simulator-windows-64\Data\IMG\right_2021_01_28_16_16_24_956.jpg, 0, 0, 0, 8.332607E-05
D:\simulator-windows-64\Data\IMG\center_2021_01_28_16_16_25_059.jpg, D:\simulator-windows-64\Data\IMG\left_2021_01_28_16_16_25_059.jpg, D:\simulator-windows-64\Data\IMG\right_2021_01_28_16_16_25_059.jpg, 0, 0, 0, 8.330635E-05
D:\simulator-windows-64\Data\IMG\center_2021_01_28_16_16_25_162.jpg, D:\simulator-windows-64\Data\IMG\left_2021_01_28_16_16_25_162.jpg, D:\simulator-windows-64\Data\IMG\right_2021_01_28_16_16_25_162.jpg, 0, 0, 0, 8.297041E-05
D:\simulator-windows-64\Data\IMG\center_2021_01_28_16_16_25_263.jpg, D:\simulator-windows-64\Data\IMG\left_2021_01_28_16_16_25_263.jpg, D:\simulator-windows-64\Data\IMG\right_2021_01_28_16_16_25_263.jpg, 0, 0, 0, 8.248386E-05
D:\simulator-windows-64\Data\IMG\center_2021_01_28_16_16_25_365.jpg, D:\simulator-windows-64\Data\IMG\left_2021_01_28_16_16_25_365.jpg, D:\simulator-windows-64\Data\IMG\right_2021_01_28_16_16_25_365.jpg, 0, 0, 0, 8.355213E-05
D:\simulator-windows-64\Data\IMG\center_2021_01_28_16_16_25_467.jpg, D:\simulator-windows-64\Data\IMG\left_2021_01_28_16_16_25_467.jpg, D:\simulator-windows-64\Data\IMG\right_2021_01_28_16_16_25_467.jpg, 0, 0.2722281, 0, 0.2043523
D:\simulator-windows-64\Data\IMG\center_2021_01_28_16_16_25_571.jpg, D:\simulator-windows-64\Data\IMG\left_2021_01_28_16_16_25_571.jpg, D:\simulator-windows-64\Data\IMG\right_2021_01_28_16_16_25_571.jpg, 0, 0.6248333, 0, 0.8328764
D:\simulator-windows-64\Data\IMG\center_2021_01_28_16_16_25_675.jpg, D:\simulator-windows-64\Data\IMG\left_2021_01_28_16_16_25_675.jpg, D:\simulator-windows-64\Data\IMG\right_2021_01_28_16_16_25_675.jpg, 0, 0.9361761, 0, 1.7552
D:\simulator-windows-64\Data\IMG\center_2021_01_28_16_16_25_774.jpg, D:\simulator-windows-64\Data\IMG\left_2021_01_28_16_16_25_774.jpg, D:\simulator-windows-64\Data\IMG\right_2021_01_28_16_16_25_774.jpg, 0, 1, 0, 2.899601
D:\simulator-windows-64\Data\IMG\center_2021_01_28_16_16_25_878.jpg, D:\simulator-windows-64\Data\IMG\left_2021_01_28_16_16_25_878.jpg, D:\simulator-windows-64\Data\IMG\right_2021_01_28_16_16_25_878.jpg, 0, 1, 0, 4.074482
D:\simulator-windows-64\Data\IMG\center_2021_01_28_16_16_25_979.jpg, D:\simulator-windows-64\Data\IMG\left_2021_01_28_16_16_25_979.jpg, D:\simulator-windows-64\Data\IMG\right_2021_01_28_16_16_25_979.jpg, 0, 1, 0, 5.239587
D:\simulator-windows-64\Data\IMG\center_2021_01_28_16_16_26_083.jpg, D:\simulator-windows-64\Data\IMG\left_2021_01_28_16_16_26_083.jpg, D:\simulator-windows-64\Data\IMG\right_2021_01_28_16_16_26_083.jpg, 0, 1, 0, 6.393315
D:\simulator-windows-64\Data\IMG\center_2021_01_28_16_16_26_184.jpg, D:\simulator-windows-64\Data\IMG\left_2021_01_28_16_16_26_184.jpg, D:\simulator-windows-64\Data\IMG\right_2021_01_28_16_16_26_184.jpg, 0, 1, 0, 7.535855
D:\simulator-windows-64\Data\IMG\center_2021_01_28_16_16_26_286.jpg, D:\simulator-windows-64\Data\IMG\left_2021_01_28_16_16_26_286.jpg, D:\simulator-windows-64\Data\IMG\right_2021_01_28_16_16_26_286.jpg, 0, 1, 0, 8.667312
D:\simulator-windows-64\Data\IMG\center_2021_01_28_16_16_26_385.jpg, D:\simulator-windows-64\Data\IMG\left_2021_01_28_16_16_26_385.jpg, D:\simulator-windows-64\Data\IMG\right_2021_01_28_16_16_26_385.jpg, 0, 1, 0, 9.787724
D:\simulator-windows-64\Data\IMG\center_2021_01_28_16_16_26_486.jpg, D:\simulator-windows-64\Data\IMG\left_2021_01_28_16_16_26_486.jpg, D:\simulator-windows-64\Data\IMG\right_2021_01_28_16_16_26_486.jpg, 0, 1, 0, 10.89716
D:\simulator-windows-64\Data\IMG\center_2021_01_28_16_16_26_588.jpg, D:\simulator-windows-64\Data\IMG\left_2021_01_28_16_16_26_588.jpg, D:\simulator-windows-64\Data\IMG\right_2021_01_28_16_16_26_588.jpg, 0, 1, 0, 12.12592
D:\simulator-windows-64\Data\IMG\center_2021_01_28_16_16_26_691.jpg, D:\simulator-windows-64\Data\IMG\left_2021_01_28_16_16_26_691.jpg, D:\simulator-windows-64\Data\IMG\right_2021_01_28_16_16_26_691.jpg, 0, 1, 0, 13.17961
D:\simulator-windows-64\Data\IMG\center_2021_01_28_16_16_26_793.jpg, D:\simulator-windows-64\Data\IMG\left_2021_01_28_16_16_26_793.jpg, D:\simulator-windows-64\Data\IMG\right_2021_01_28_16_16_26_793.jpg, 0, 1, 0, 14.24277
D:\simulator-windows-64\Data\IMG\center_2021_01_28_16_16_26_896.jpg, D:\simulator-windows-64\Data\IMG\left_2021_01_28_16_16_26_896.jpg, D:\simulator-windows-64\Data\IMG\right_2021_01_28_16_16_26_896.jpg, 0.1509894, 1, 0, 15.55828
D:\simulator-windows-64\Data\IMG\center_2021_01_28_16_16_26_999.jpg, D:\simulator-windows-64\Data\IMG\left_2021_01_28_16_16_26_999.jpg, D:\simulator-windows-64\Data\IMG\right_2021_01_28_16_16_26_999.jpg, 0.1305743, 1, 0, 16.33238
D:\simulator-windows-64\Data\IMG\center_2021_01_28_16_16_27_101.jpg, D:\simulator-windows-64\Data\IMG\left_2021_01_28_16_16_27_101.jpg, D:\simulator-windows-64\Data\IMG\right_2021_01_28_16_16_27_101.jpg, 0, 1, 0, 17.59063
D:\simulator-windows-64\Data\IMG\center_2021_01_28_16_16_27_202.jpg, D:\simulator-windows-64\Data\IMG\left_2021_01_28_16_16_27_202.jpg, D:\simulator-windows-64\Data\IMG\right_2021_01_28_16_16_27_202.jpg, 0, 1, 0, 18.44132
D:\simulator-windows-64\Data\IMG\center_2021_01_28_16_16_27_305.jpg, D:\simulator-windows-64\Data\IMG\left_2021_01_28_16_16_27_305.jpg, D:\simulator-windows-64\Data\IMG\right_2021_01_28_16_16_27_305.jpg, 0, 1, 0, 19.61484
D:\simulator-windows-64\Data\IMG\center_2021_01_28_16_16_27_406.jpg, D:\simulator-windows-64\Data\IMG\left_2021_01_28_16_16_27_406.jpg, D:\simulator-windows-64\Data\IMG\right_2021_01_28_16_16_27_406.jpg, -0.0219597, 1, 0, 20.51791
D:\simulator-windows-64\Data\IMG\center_2021_01_28_16_16_27_506.jpg, D:\simulator-windows-64\Data\IMG\left_2021_01_28_16_16_27_506.jpg, D:\simulator-windows-64\Data\IMG\right_2021_01_28_16_16_27_506.jpg, -0.1965492, 1, 0, 21.55862
D:\simulator-windows-64\Data\IMG\center_2021_01_28_16_16_27_609.jpg, D:\simulator-windows-64\Data\IMG\left_2021_01_28_16_16_27_609.jpg, D:\simulator-windows-64\Data\IMG\right_2021_01_28_16_16_27_609.jpg, 0, 1, 0, 22.50466
D:\simulator-windows-64\Data\IMG\center_2021_01_28_16_16_27_711.jpg, D:\simulator-windows-64\Data\IMG\left_2021_01_28_16_16_27_711.jpg, D:\simulator-windows-64\Data\IMG\right_2021_01_28_16_16_27_711.jpg, 0.1326882, 1, 0, 23.68233
D:\simulator-windows-64\Data\IMG\center_2021_01_28_16_16_27_811.jpg, D:\simulator-windows-64\Data\IMG\left_2021_01_28_16_16_27_811.jpg, D:\simulator-windows-64\Data\IMG\right_2021_01_28_16_16_27_811.jpg, 0.165492, 0.9317005, 0, 24.597
D:\simulator-windows-64\Data\IMG\center_2021_01_28_16_16_27_912.jpg, D:\simulator-windows-64\Data\IMG\left_2021_01_28_16_16_27_912.jpg, D:\simulator-windows-64\Data\IMG\right_2021_01_28_16_16_27_912.jpg, 0, 0.6284935, 0, 25.29201
D:\simulator-windows-64\Data\IMG\center_2021_01_28_16_16_28_014.jpg, D:\simulator-windows-64\Data\IMG\left_2021_01_28_16_16_28_014.jpg, D:\simulator-windows-64\Data\IMG\right_2021_01_28_16_16_28_014.jpg, 0, 0.3326722, 0, 25.62318
D:\simulator-windows-64\Data\IMG\center_2021_01_28_16_16_28_115.jpg, D:\simulator-windows-64\Data\IMG\left_2021_01_28_16_16_28_115.jpg, D:\simulator-windows-64\Data\IMG\right_2021_01_28_16_16_28_115.jpg, 0, 0.0307207, 0, 25.58327
D:\simulator-windows-64\Data\IMG\center_2021_01_28_16_16_28_217.jpg, D:\simulator-windows-64\Data\IMG\left_2021_01_28_16_16_28_217.jpg, D:\simulator-windows-64\Data\IMG\right_2021_01_28_16_16_28_217.jpg, 0, 0, 0, 25.32835
D:\simulator-windows-64\Data\IMG\center_2021_01_28_16_16_28_320.jpg, D:\simulator-windows-64\Data\IMG\left_2021_01_28_16_16_28_320.jpg, D:\simulator-windows-64\Data\IMG\right_2021_01_28_16_16_28_320.jpg, 0.2041575, 0, 0, 25.04021
D:\simulator-windows-64\Data\IMG\center_2021_01_28_16_16_28_421.jpg, D:\simulator-windows-64\Data\IMG\left_2021_01_28_16_16_28_421.jpg, D:\simulator-windows-64\Data\IMG\right_2021_01_28_16_16_28_421.jpg, 0, 0, 0, 24.78777
D:\simulator-windows-64\Data\IMG\center_2021_01_28_16_16_28_521.jpg, D:\simulator-windows-64\Data\IMG\left_2021_01_28_16_16_28_521.jpg, D:\simulator-windows-64\Data\IMG\right_2021_01_28_16_16_28_521.jpg, 0, 0, 0, 24.5379
D:\simulator-windows-64\Data\IMG\center_2021_01_28_16_16_28_625.jpg, D:\simulator-windows-64\Data\IMG\left_2021_01_28_16_16_28_625.jpg, D:\simulator-windows-64\Data\IMG\right_2021_01_28_16_16_28_625.jpg, 0, 0, 0, 24.29134
D:\simulator-windows-64\Data\IMG\center_2021_01_28_16_16_28_726.jpg, D:\simulator-windows-64\Data\IMG\left_2021_01_28_16_16_28_726.jpg, D:\simulator-windows-64\Data\IMG\right_2021_01_28_16_16_28_726.jpg, 0.1413471, 0, 0, 24.0411
D:\simulator-windows-64\Data\IMG\center_2021_01_28_16_16_28_826.jpg, D:\simulator-windows-64\Data\IMG\left_2021_01_28_16_16_28_826.jpg, D:\simulator-windows-64\Data\IMG\right_2021_01_28_16_16_28_826.jpg, 0, 0, 0, 23.79654
D:\simulator-windows-64\Data\IMG\center_2021_01_28_16_16_28_928.jpg, D:\simulator-windows-64\Data\IMG\left_2021_01_28_16_16_28_928.jpg, D:\simulator-windows-64\Data\IMG\right_2021_01_28_16_16_28_928.jpg, 0, 0, 0, 23.55758
D:\simulator-windows-64\Data\IMG\center_2021_01_28_16_16_29_030.jpg, D:\simulator-windows-64\Data\IMG\left_2021_01_28_16_16_29_030.jpg, D:\simulator-windows-64\Data\IMG\right_2021_01_28_16_16_29_030.jpg, 0, 0, 0, 23.32091
D:\simulator-windows-64\Data\IMG\center_2021_01_28_16_16_29_132.jpg, D:\simulator-windows-64\Data\IMG\left_2021_01_28_16_16_29_132.jpg, D:\simulator-windows-64\Data\IMG\right_2021_01_28_16_16_29_132.jpg, 0.3031794, 0, 0, 22.99568
D:\simulator-windows-64\Data\IMG\center_2021_01_28_16_16_29_234.jpg, D:\simulator-windows-64\Data\IMG\left_2021_01_28_16_16_29_234.jpg, D:\simulator-windows-64\Data\IMG\right_2021_01_28_16_16_29_234.jpg, 0.2240145, 0, 0, 22.69393
D:\simulator-windows-64\Data\IMG\center_2021_01_28_16_16_29_334.jpg, D:\simulator-windows-64\Data\IMG\left_2021_01_28_16_16_29_334.jpg, D:\simulator-windows-64\Data\IMG\right_2021_01_28_16_16_29_334.jpg, 0, 0, 0, 22.4617
D:\simulator-windows-64\Data\IMG\center_2021_01_28_16_16_29_437.jpg, D:\simulator-windows-64\Data\IMG\left_2021_01_28_16_16_29_437.jpg, D:\simulator-windows-64\Data\IMG\right_2021_01_28_16_16_29_437.jpg, 0, 0, 0, 22.23181
D:\simulator-windows-64\Data\IMG\center_2021_01_28_16_16_29_541.jpg, D:\simulator-windows-64\Data\IMG\left_2021_01_28_16_16_29_541.jpg, D:\simulator-windows-64\Data\IMG\right_2021_01_28_16_16_29_541.jpg, 0.0560223, 0, 0, 22.00797
D:\simulator-windows-64\Data\IMG\center_2021_01_28_16_16_29_643.jpg, D:\simulator-windows-64\Data\IMG\left_2021_01_28_16_16_29_643.jpg, D:\simulator-windows-64\Data\IMG\right_2021_01_28_16_16_29_643.jpg, 0.3523894, 0, 0, 21.72754
D:\simulator-windows-64\Data\IMG\center_2021_01_28_16_16_29_746.jpg, D:\simulator-windows-64\Data\IMG\left_2021_01_28_16_16_29_746.jpg, D:\simulator-windows-64\Data\IMG\right_2021_01_28_16_16_29_746.jpg, 0.06995225, 0, 0, 21.49566
D:\simulator-windows-64\Data\IMG\center_2021_01_28_16_16_29_848.jpg, D:\simulator-windows-64\Data\IMG\left_2021_01_28_16_16_29_848.jpg, D:\simulator-windows-64\Data\IMG\right_2021_01_28_16_16_29_848.jpg, 0, 0, 0, 21.27539
D:\simulator-windows-64\Data\IMG\center_2021_01_28_16_16_29_948.jpg, D:\simulator-windows-64\Data\IMG\left_2021_01_28_16_16_29_948.jpg, D:\simulator-windows-64\Data\IMG\right_2021_01_28_16_16_29_948.jpg, 0, 0, 0, 21.05731
D:\simulator-windows-64\Data\IMG\center_2021_01_28_16_16_30_049.jpg, D:\simulator-windows-64\Data\IMG\left_2021_01_28_16_16_30_049.jpg, D:\simulator-windows-64\Data\IMG\right_2021_01_28_16_16_30_049.jpg, 0.1403052, 0, 0, 20.84366
D:\simulator-windows-64\Data\IMG\center_2021_01_28_16_16_30_153.jpg, D:\simulator-windows-64\Data\IMG\left_2021_01_28_16_16_30_153.jpg, D:\simulator-windows-64\Data\IMG\right_2021_01_28_16_16_30_153.jpg, 0.2016723, 0, 0, 20.5197
D:\simulator-windows-64\Data\IMG\center_2021_01_28_16_16_30_255.jpg, D:\simulator-windows-64\Data\IMG\left_2021_01_28_16_16_30_255.jpg, D:\simulator-windows-64\Data\IMG\right_2021_01_28_16_16_30_255.jpg, 0, 0, 0, 20.31018
D:\simulator-windows-64\Data\IMG\center_2021_01_28_16_16_30_357.jpg, D:\simulator-windows-64\Data\IMG\left_2021_01_28_16_16_30_357.jpg, D:\simulator-windows-64\Data\IMG\right_2021_01_28_16_16_30_357.jpg, 0, 0, 0, 20.10325
D:\simulator-windows-64\Data\IMG\center_2021_01_28_16_16_30_460.jpg, D:\simulator-windows-64\Data\IMG\left_2021_01_28_16_16_30_460.jpg, D:\simulator-windows-64\Data\IMG\right_2021_01_28_16_16_30_460.jpg, 0, 0, 0, 19.90113
D:\simulator-windows-64\Data\IMG\center_2021_01_28_16_16_30_563.jpg, D:\simulator-windows-64\Data\IMG\left_2021_01_28_16_16_30_563.jpg, D:\simulator-windows-64\Data\IMG\right_2021_01_28_16_16_30_563.jpg, 0, 0, 0, 19.70144
D:\simulator-windows-64\Data\IMG\center_2021_01_28_16_16_30_666.jpg, D:\simulator-windows-64\Data\IMG\left_2021_01_28_16_16_30_666.jpg, D:\simulator-windows-64\Data\IMG\right_2021_01_28_16_16_30_666.jpg, 0, 0, 0, 19.50332
D:\simulator-windows-64\Data\IMG\center_2021_01_28_16_16_30_768.jpg, D:\simulator-windows-64\Data\IMG\left_2021_01_28_16_16_30_768.jpg, D:\simulator-windows-64\Data\IMG\right_2021_01_28_16_16_30_768.jpg, 0, 0.1446597, 0, 19.34903
D:\simulator-windows-64\Data\IMG\center_2021_01_28_16_16_30_870.jpg, D:\simulator-windows-64\Data\IMG\left_2021_01_28_16_16_30_870.jpg, D:\simulator-windows-64\Data\IMG\right_2021_01_28_16_16_30_870.jpg, 0.1210938, 0.4500759, 0, 19.51676
D:\simulator-windows-64\Data\IMG\center_2021_01_28_16_16_30_972.jpg, D:\simulator-windows-64\Data\IMG\left_2021_01_28_16_16_30_972.jpg, D:\simulator-windows-64\Data\IMG\right_2021_01_28_16_16_30_972.jpg, 0.1600658, 0.3455665, 0, 19.89621
D:\simulator-windows-64\Data\IMG\center_2021_01_28_16_16_31_071.jpg, D:\simulator-windows-64\Data\IMG\left_2021_01_28_16_16_31_071.jpg, D:\simulator-windows-64\Data\IMG\right_2021_01_28_16_16_31_071.jpg, 0, 0.04396236, 0, 20.11826
D:\simulator-windows-64\Data\IMG\center_2021_01_28_16_16_31_174.jpg, D:\simulator-windows-64\Data\IMG\left_2021_01_28_16_16_31_174.jpg, D:\simulator-windows-64\Data\IMG\right_2021_01_28_16_16_31_174.jpg, 0, 0, 0, 19.60102
D:\simulator-windows-64\Data\IMG\center_2021_01_28_16_16_31_278.jpg, D:\simulator-windows-64\Data\IMG\left_2021_01_28_16_16_31_278.jpg, D:\simulator-windows-64\Data\IMG\right_2021_01_28_16_16_31_278.jpg, 0, 0.08438221, 0, 19.75441
D:\simulator-windows-64\Data\IMG\center_2021_01_28_16_16_31_381.jpg, D:\simulator-windows-64\Data\IMG\left_2021_01_28_16_16_31_381.jpg, D:\simulator-windows-64\Data\IMG\right_2021_01_28_16_16_31_381.jpg, 0, 0.3813426, 0, 19.54059
D:\simulator-windows-64\Data\IMG\center_2021_01_28_16_16_31_481.jpg, D:\simulator-windows-64\Data\IMG\left_2021_01_28_16_16_31_481.jpg, D:\simulator-windows-64\Data\IMG\right_2021_01_28_16_16_31_481.jpg, 0, 0.3478506, 0, 20.17982
D:\simulator-windows-64\Data\IMG\center_2021_01_28_16_16_31_585.jpg, D:\simulator-windows-64\Data\IMG\left_2021_01_28_16_16_31_585.jpg, D:\simulator-windows-64\Data\IMG\right_2021_01_28_16_16_31_585.jpg, 0, 0.05127601, 0, 19.92365
D:\simulator-windows-64\Data\IMG\center_2021_01_28_16_16_31_688.jpg, D:\simulator-windows-64\Data\IMG\left_2021_01_28_16_16_31_688.jpg, D:\simulator-windows-64\Data\IMG\right_2021_01_28_16_16_31_688.jpg, 0.0868356, 0.1799334, 0, 20.08541
D:\simulator-windows-64\Data\IMG\center_2021_01_28_16_16_31_793.jpg, D:\simulator-windows-64\Data\IMG\left_2021_01_28_16_16_31_793.jpg, D:\simulator-windows-64\Data\IMG\right_2021_01_28_16_16_31_793.jpg, 0.3693264, 0.06547682, 0, 20.07376
D:\simulator-windows-64\Data\IMG\center_2021_01_28_16_16_31_895.jpg, D:\simulator-windows-64\Data\IMG\left_2021_01_28_16_16_31_895.jpg, D:\simulator-windows-64\Data\IMG\right_2021_01_28_16_16_31_895.jpg, 0.06335913, 0, 0, 19.54041
D:\simulator-windows-64\Data\IMG\center_2021_01_28_16_16_31_999.jpg, D:\simulator-windows-64\Data\IMG\left_2021_01_28_16_16_31_999.jpg, D:\simulator-windows-64\Data\IMG\right_2021_01_28_16_16_31_999.jpg, 0, 0.0830187, 0, 19.69289
D:\simulator-windows-64\Data\IMG\center_2021_01_28_16_16_32_101.jpg, D:\simulator-windows-64\Data\IMG\left_2021_01_28_16_16_32_101.jpg, D:\simulator-windows-64\Data\IMG\right_2021_01_28_16_16_32_101.jpg, 0, 0.380619, 0, 19.44591
D:\simulator-windows-64\Data\IMG\center_2021_01_28_16_16_32_204.jpg, D:\simulator-windows-64\Data\IMG\left_2021_01_28_16_16_32_204.jpg, D:\simulator-windows-64\Data\IMG\right_2021_01_28_16_16_32_204.jpg, 0, 0.6729144, 0, 20.18452
D:\simulator-windows-64\Data\IMG\center_2021_01_28_16_16_32_305.jpg, D:\simulator-windows-64\Data\IMG\left_2021_01_28_16_16_32_305.jpg, D:\simulator-windows-64\Data\IMG\right_2021_01_28_16_16_32_305.jpg, 0, 0.6449258, 0, 20.7179
D:\simulator-windows-64\Data\IMG\center_2021_01_28_16_16_32_407.jpg, D:\simulator-windows-64\Data\IMG\left_2021_01_28_16_16_32_407.jpg, D:\simulator-windows-64\Data\IMG\right_2021_01_28_16_16_32_407.jpg, 0, 0.3515139, 0, 21.26406
D:\simulator-windows-64\Data\IMG\center_2021_01_28_16_16_32_511.jpg, D:\simulator-windows-64\Data\IMG\left_2021_01_28_16_16_32_511.jpg, D:\simulator-windows-64\Data\IMG\right_2021_01_28_16_16_32_511.jpg, 0, 0.3880485, 0, 21.41629
D:\simulator-windows-64\Data\IMG\center_2021_01_28_16_16_32_613.jpg, D:\simulator-windows-64\Data\IMG\left_2021_01_28_16_16_32_613.jpg, D:\simulator-windows-64\Data\IMG\right_2021_01_28_16_16_32_613.jpg, 0.3054774, 0.6935258, 0, 21.63967
D:\simulator-windows-64\Data\IMG\center_2021_01_28_16_16_32_713.jpg, D:\simulator-windows-64\Data\IMG\left_2021_01_28_16_16_32_713.jpg, D:\simulator-windows-64\Data\IMG\right_2021_01_28_16_16_32_713.jpg, 0.3663301, 0.3929714, 0, 22.10379
D:\simulator-windows-64\Data\IMG\center_2021_01_28_16_16_32_813.jpg, D:\simulator-windows-64\Data\IMG\left_2021_01_28_16_16_32_813.jpg, D:\simulator-windows-64\Data\IMG\right_2021_01_28_16_16_32_813.jpg, 0.0660864, 0.09272778, 0, 22.04098
D:\simulator-windows-64\Data\IMG\center_2021_01_28_16_16_32_915.jpg, D:\simulator-windows-64\Data\IMG\left_2021_01_28_16_16_32_915.jpg, D:\simulator-windows-64\Data\IMG\right_2021_01_28_16_16_32_915.jpg, 0, 0, 0, 21.98622
D:\simulator-windows-64\Data\IMG\center_2021_01_28_16_16_33_018.jpg, D:\simulator-windows-64\Data\IMG\left_2021_01_28_16_16_33_018.jpg, D:\simulator-windows-64\Data\IMG\right_2021_01_28_16_16_33_018.jpg, 0.08860321, 0, 0, 21.52084
D:\simulator-windows-64\Data\IMG\center_2021_01_28_16_16_33_120.jpg, D:\simulator-windows-64\Data\IMG\left_2021_01_28_16_16_33_120.jpg, D:\simulator-windows-64\Data\IMG\right_2021_01_28_16_16_33_120.jpg, 0.383304, 0, 0, 21.50446
D:\simulator-windows-64\Data\IMG\center_2021_01_28_16_16_33_223.jpg, D:\simulator-windows-64\Data\IMG\left_2021_01_28_16_16_33_223.jpg, D:\simulator-windows-64\Data\IMG\right_2021_01_28_16_16_33_223.jpg, 0.1366609, 0, 0, 20.98316
D:\simulator-windows-64\Data\IMG\center_2021_01_28_16_16_33_326.jpg, D:\simulator-windows-64\Data\IMG\left_2021_01_28_16_16_33_326.jpg, D:\simulator-windows-64\Data\IMG\right_2021_01_28_16_16_33_326.jpg, 0, 0, 0, 21.05661
D:\simulator-windows-64\Data\IMG\center_2021_01_28_16_16_33_430.jpg, D:\simulator-windows-64\Data\IMG\left_2021_01_28_16_16_33_430.jpg, D:\simulator-windows-64\Data\IMG\right_2021_01_28_16_16_33_430.jpg, 0, 0, 0, 20.53547
D:\simulator-windows-64\Data\IMG\center_2021_01_28_16_16_33_532.jpg, D:\simulator-windows-64\Data\IMG\left_2021_01_28_16_16_33_532.jpg, D:\simulator-windows-64\Data\IMG\right_2021_01_28_16_16_33_532.jpg, 0.0456198, 0, 0, 20.27923
D:\simulator-windows-64\Data\IMG\center_2021_01_28_16_16_33_635.jpg, D:\simulator-windows-64\Data\IMG\left_2021_01_28_16_16_33_635.jpg, D:\simulator-windows-64\Data\IMG\right_2021_01_28_16_16_33_635.jpg, 0.3407808, 0, 0, 20.33397
D:\simulator-windows-64\Data\IMG\center_2021_01_28_16_16_33_737.jpg, D:\simulator-windows-64\Data\IMG\left_2021_01_28_16_16_33_737.jpg, D:\simulator-windows-64\Data\IMG\right_2021_01_28_16_16_33_737.jpg, 0.06055888, 0, 0, 19.79256
D:\simulator-windows-64\Data\IMG\center_2021_01_28_16_16_33_838.jpg, D:\simulator-windows-64\Data\IMG\left_2021_01_28_16_16_33_838.jpg, D:\simulator-windows-64\Data\IMG\right_2021_01_28_16_16_33_838.jpg, 0, 0, 0, 19.9343
D:\simulator-windows-64\Data\IMG\center_2021_01_28_16_16_33_942.jpg, D:\simulator-windows-64\Data\IMG\left_2021_01_28_16_16_33_942.jpg, D:\simulator-windows-64\Data\IMG\right_2021_01_28_16_16_33_942.jpg, 0, 0, 0, 19.36009
D:\simulator-windows-64\Data\IMG\center_2021_01_28_16_16_34_045.jpg, D:\simulator-windows-64\Data\IMG\left_2021_01_28_16_16_34_045.jpg, D:\simulator-windows-64\Data\IMG\right_2021_01_28_16_16_34_045.jpg, 0, 0, 0, 19.55745
D:\simulator-windows-64\Data\IMG\center_2021_01_28_16_16_34_145.jpg, D:\simulator-windows-64\Data\IMG\left_2021_01_28_16_16_34_145.jpg, D:\simulator-windows-64\Data\IMG\right_2021_01_28_16_16_34_145.jpg, 0.2768367, 0, 0, 18.9199
D:\simulator-windows-64\Data\IMG\center_2021_01_28_16_16_34_247.jpg, D:\simulator-windows-64\Data\IMG\left_2021_01_28_16_16_34_247.jpg, D:\simulator-windows-64\Data\IMG\right_2021_01_28_16_16_34_247.jpg, 0.2835312, 0, 0, 19.07935
D:\simulator-windows-64\Data\IMG\center_2021_01_28_16_16_34_350.jpg, D:\simulator-windows-64\Data\IMG\left_2021_01_28_16_16_34_350.jpg, D:\simulator-windows-64\Data\IMG\right_2021_01_28_16_16_34_350.jpg, 0, 0, 0, 18.42078
D:\simulator-windows-64\Data\IMG\center_2021_01_28_16_16_34_450.jpg, D:\simulator-windows-64\Data\IMG\left_2021_01_28_16_16_34_450.jpg, D:\simulator-windows-64\Data\IMG\right_2021_01_28_16_16_34_450.jpg, 0, 0, 0, 18.70383
D:\simulator-windows-64\Data\IMG\center_2021_01_28_16_16_34_554.jpg, D:\simulator-windows-64\Data\IMG\left_2021_01_28_16_16_34_554.jpg, D:\simulator-windows-64\Data\IMG\right_2021_01_28_16_16_34_554.jpg, 0, 0, 0, 18.48339
D:\simulator-windows-64\Data\IMG\center_2021_01_28_16_16_34_657.jpg, D:\simulator-windows-64\Data\IMG\left_2021_01_28_16_16_34_657.jpg, D:\simulator-windows-64\Data\IMG\right_2021_01_28_16_16_34_657.jpg, 0.2967423, 0, 0, 17.77756
D:\simulator-windows-64\Data\IMG\center_2021_01_28_16_16_34_758.jpg, D:\simulator-windows-64\Data\IMG\left_2021_01_28_16_16_34_758.jpg, D:\simulator-windows-64\Data\IMG\right_2021_01_28_16_16_34_758.jpg, 0.3753678, 0, 0, 17.9921
D:\simulator-windows-64\Data\IMG\center_2021_01_28_16_16_34_858.jpg, D:\simulator-windows-64\Data\IMG\left_2021_01_28_16_16_34_858.jpg, D:\simulator-windows-64\Data\IMG\right_2021_01_28_16_16_34_858.jpg, 0.07294735, 0, 0, 17.30694
D:\simulator-windows-64\Data\IMG\center_2021_01_28_16_16_34_959.jpg, D:\simulator-windows-64\Data\IMG\left_2021_01_28_16_16_34_959.jpg, D:\simulator-windows-64\Data\IMG\right_2021_01_28_16_16_34_959.jpg, 0, 0.09537181, 0, 17.62986
D:\simulator-windows-64\Data\IMG\center_2021_01_28_16_16_35_060.jpg, D:\simulator-windows-64\Data\IMG\left_2021_01_28_16_16_35_060.jpg, D:\simulator-windows-64\Data\IMG\right_2021_01_28_16_16_35_060.jpg, 0, 0.3875631, 0, 17.27999
D:\simulator-windows-64\Data\IMG\center_2021_01_28_16_16_35_160.jpg, D:\simulator-windows-64\Data\IMG\left_2021_01_28_16_16_35_160.jpg, D:\simulator-windows-64\Data\IMG\right_2021_01_28_16_16_35_160.jpg, 0, 0.6882401, 0, 18.15505
D:\simulator-windows-64\Data\IMG\center_2021_01_28_16_16_35_264.jpg, D:\simulator-windows-64\Data\IMG\left_2021_01_28_16_16_35_264.jpg, D:\simulator-windows-64\Data\IMG\right_2021_01_28_16_16_35_264.jpg, 0, 0.4150127, 0, 18.34781
D:\simulator-windows-64\Data\IMG\center_2021_01_28_16_16_35_364.jpg, D:\simulator-windows-64\Data\IMG\left_2021_01_28_16_16_35_364.jpg, D:\simulator-windows-64\Data\IMG\right_2021_01_28_16_16_35_364.jpg, 0, 0.1128833, 0, 18.81616
D:\simulator-windows-64\Data\IMG\center_2021_01_28_16_16_35_466.jpg, D:\simulator-windows-64\Data\IMG\left_2021_01_28_16_16_35_466.jpg, D:\simulator-windows-64\Data\IMG\right_2021_01_28_16_16_35_466.jpg, 0, 0, 0, 18.20385
D:\simulator-windows-64\Data\IMG\center_2021_01_28_16_16_35_567.jpg, D:\simulator-windows-64\Data\IMG\left_2021_01_28_16_16_35_567.jpg, D:\simulator-windows-64\Data\IMG\right_2021_01_28_16_16_35_567.jpg, 0, 0.2815416, 0, 18.63284
D:\simulator-windows-64\Data\IMG\center_2021_01_28_16_16_35_669.jpg, D:\simulator-windows-64\Data\IMG\left_2021_01_28_16_16_35_669.jpg, D:\simulator-windows-64\Data\IMG\right_2021_01_28_16_16_35_669.jpg, 0.1381734, 0.5859545, 0, 18.6325
D:\simulator-windows-64\Data\IMG\center_2021_01_28_16_16_35_770.jpg, D:\simulator-windows-64\Data\IMG\left_2021_01_28_16_16_35_770.jpg, D:\simulator-windows-64\Data\IMG\right_2021_01_28_16_16_35_770.jpg, 0.4382291, 0.8376288, 0, 19.5156
D:\simulator-windows-64\Data\IMG\center_2021_01_28_16_16_35_874.jpg, D:\simulator-windows-64\Data\IMG\left_2021_01_28_16_16_35_874.jpg, D:\simulator-windows-64\Data\IMG\right_2021_01_28_16_16_35_874.jpg, 0.177642, 0.4769333, 0, 20.19077
D:\simulator-windows-64\Data\IMG\center_2021_01_28_16_16_35_975.jpg, D:\simulator-windows-64\Data\IMG\left_2021_01_28_16_16_35_975.jpg, D:\simulator-windows-64\Data\IMG\right_2021_01_28_16_16_35_975.jpg, 0, 0.181736, 0, 20.12568
D:\simulator-windows-64\Data\IMG\center_2021_01_28_16_16_36_076.jpg, D:\simulator-windows-64\Data\IMG\left_2021_01_28_16_16_36_076.jpg, D:\simulator-windows-64\Data\IMG\right_2021_01_28_16_16_36_076.jpg, 0, 0, 0, 20.27114
D:\simulator-windows-64\Data\IMG\center_2021_01_28_16_16_36_180.jpg, D:\simulator-windows-64\Data\IMG\left_2021_01_28_16_16_36_180.jpg, D:\simulator-windows-64\Data\IMG\right_2021_01_28_16_16_36_180.jpg, 0.1810314, 0, 0, 19.71628
D:\simulator-windows-64\Data\IMG\center_2021_01_28_16_16_36_283.jpg, D:\simulator-windows-64\Data\IMG\left_2021_01_28_16_16_36_283.jpg, D:\simulator-windows-64\Data\IMG\right_2021_01_28_16_16_36_283.jpg, 0.3325038, 0, 0, 19.79002
D:\simulator-windows-64\Data\IMG\center_2021_01_28_16_16_36_384.jpg, D:\simulator-windows-64\Data\IMG\left_2021_01_28_16_16_36_384.jpg, D:\simulator-windows-64\Data\IMG\right_2021_01_28_16_16_36_384.jpg, 0.04094636, 0, 0, 19.21443
D:\simulator-windows-64\Data\IMG\center_2021_01_28_16_16_36_488.jpg, D:\simulator-windows-64\Data\IMG\left_2021_01_28_16_16_36_488.jpg, D:\simulator-windows-64\Data\IMG\right_2021_01_28_16_16_36_488.jpg, 0, 0, 0, 19.41217
D:\simulator-windows-64\Data\IMG\center_2021_01_28_16_16_36_588.jpg, D:\simulator-windows-64\Data\IMG\left_2021_01_28_16_16_36_588.jpg, D:\simulator-windows-64\Data\IMG\right_2021_01_28_16_16_36_588.jpg, 0, 0, 0, 18.7815
D:\simulator-windows-64\Data\IMG\center_2021_01_28_16_16_36_689.jpg, D:\simulator-windows-64\Data\IMG\left_2021_01_28_16_16_36_689.jpg, D:\simulator-windows-64\Data\IMG\right_2021_01_28_16_16_36_689.jpg, 0.1239765, 0, 0, 19.04041
D:\simulator-windows-64\Data\IMG\center_2021_01_28_16_16_36_791.jpg, D:\simulator-windows-64\Data\IMG\left_2021_01_28_16_16_36_791.jpg, D:\simulator-windows-64\Data\IMG\right_2021_01_28_16_16_36_791.jpg, 0.2299621, 0, 0, 18.75384
D:\simulator-windows-64\Data\IMG\center_2021_01_28_16_16_36_893.jpg, D:\simulator-windows-64\Data\IMG\left_2021_01_28_16_16_36_893.jpg, D:\simulator-windows-64\Data\IMG\right_2021_01_28_16_16_36_893.jpg, 0, 0, 0, 18.07143
D:\simulator-windows-64\Data\IMG\center_2021_01_28_16_16_36_994.jpg, D:\simulator-windows-64\Data\IMG\left_2021_01_28_16_16_36_994.jpg, D:\simulator-windows-64\Data\IMG\right_2021_01_28_16_16_36_994.jpg, 0, 0, 0, 18.38101
D:\simulator-windows-64\Data\IMG\center_2021_01_28_16_16_37_097.jpg, D:\simulator-windows-64\Data\IMG\left_2021_01_28_16_16_37_097.jpg, D:\simulator-windows-64\Data\IMG\right_2021_01_28_16_16_37_097.jpg, 0, 0, 0, 17.68703
D:\simulator-windows-64\Data\IMG\center_2021_01_28_16_16_37_198.jpg, D:\simulator-windows-64\Data\IMG\left_2021_01_28_16_16_37_198.jpg, D:\simulator-windows-64\Data\IMG\right_2021_01_28_16_16_37_198.jpg, 0, 0, 0, 18.02107
D:\simulator-windows-64\Data\IMG\center_2021_01_28_16_16_37_298.jpg, D:\simulator-windows-64\Data\IMG\left_2021_01_28_16_16_37_298.jpg, D:\simulator-windows-64\Data\IMG\right_2021_01_28_16_16_37_298.jpg, 0.0873852, 0, 0, 17.3185
D:\simulator-windows-64\Data\IMG\center_2021_01_28_16_16_37_402.jpg, D:\simulator-windows-64\Data\IMG\left_2021_01_28_16_16_37_402.jpg, D:\simulator-windows-64\Data\IMG\right_2021_01_28_16_16_37_402.jpg, 0.2907858, 0, 0, 17.61422
D:\simulator-windows-64\Data\IMG\center_2021_01_28_16_16_37_503.jpg, D:\simulator-windows-64\Data\IMG\left_2021_01_28_16_16_37_503.jpg, D:\simulator-windows-64\Data\IMG\right_2021_01_28_16_16_37_503.jpg, 0, 0, 0, 16.91154
D:\simulator-windows-64\Data\IMG\center_2021_01_28_16_16_37_606.jpg, D:\simulator-windows-64\Data\IMG\left_2021_01_28_16_16_37_606.jpg, D:\simulator-windows-64\Data\IMG\right_2021_01_28_16_16_37_606.jpg, 0, 0, 0, 17.26249
D:\simulator-windows-64\Data\IMG\center_2021_01_28_16_16_37_710.jpg, D:\simulator-windows-64\Data\IMG\left_2021_01_28_16_16_37_710.jpg, D:\simulator-windows-64\Data\IMG\right_2021_01_28_16_16_37_710.jpg, 0, 0, 0, 16.54833
D:\simulator-windows-64\Data\IMG\center_2021_01_28_16_16_37_813.jpg, D:\simulator-windows-64\Data\IMG\left_2021_01_28_16_16_37_813.jpg, D:\simulator-windows-64\Data\IMG\right_2021_01_28_16_16_37_813.jpg, 0.0547068, 0, 0, 16.34227
D:\simulator-windows-64\Data\IMG\center_2021_01_28_16_16_37_916.jpg, D:\simulator-windows-64\Data\IMG\left_2021_01_28_16_16_37_916.jpg, D:\simulator-windows-64\Data\IMG\right_2021_01_28_16_16_37_916.jpg, 0.3487833, 0, 0, 16.64344
D:\simulator-windows-64\Data\IMG\center_2021_01_28_16_16_38_018.jpg, D:\simulator-windows-64\Data\IMG\left_2021_01_28_16_16_38_018.jpg, D:\simulator-windows-64\Data\IMG\right_2021_01_28_16_16_38_018.jpg, 0.06693119, 0, 0, 15.94509
D:\simulator-windows-64\Data\IMG\center_2021_01_28_16_16_38_122.jpg, D:\simulator-windows-64\Data\IMG\left_2021_01_28_16_16_38_122.jpg, D:\simulator-windows-64\Data\IMG\right_2021_01_28_16_16_38_122.jpg, 0, 0, 0, 16.31906
D:\simulator-windows-64\Data\IMG\center_2021_01_28_16_16_38_223.jpg, D:\simulator-windows-64\Data\IMG\left_2021_01_28_16_16_38_223.jpg, D:\simulator-windows-64\Data\IMG\right_2021_01_28_16_16_38_223.jpg, 0, 0.1234185, 0, 15.62424
D:\simulator-windows-64\Data\IMG\center_2021_01_28_16_16_38_327.jpg, D:\simulator-windows-64\Data\IMG\left_2021_01_28_16_16_38_327.jpg, D:\simulator-windows-64\Data\IMG\right_2021_01_28_16_16_38_327.jpg, 0, 0.4226508, 0, 16.30904
D:\simulator-windows-64\Data\IMG\center_2021_01_28_16_16_38_430.jpg, D:\simulator-windows-64\Data\IMG\left_2021_01_28_16_16_38_430.jpg, D:\simulator-windows-64\Data\IMG\right_2021_01_28_16_16_38_430.jpg, 0, 0.7717336, 0, 16.96445
D:\simulator-windows-64\Data\IMG\center_2021_01_28_16_16_38_530.jpg, D:\simulator-windows-64\Data\IMG\left_2021_01_28_16_16_38_530.jpg, D:\simulator-windows-64\Data\IMG\right_2021_01_28_16_16_38_530.jpg, 0, 1, 0, 17.68531
D:\simulator-windows-64\Data\IMG\center_2021_01_28_16_16_38_634.jpg, D:\simulator-windows-64\Data\IMG\left_2021_01_28_16_16_38_634.jpg, D:\simulator-windows-64\Data\IMG\right_2021_01_28_16_16_38_634.jpg, 0, 1, 0, 18.8994
D:\simulator-windows-64\Data\IMG\center_2021_01_28_16_16_38_735.jpg, D:\simulator-windows-64\Data\IMG\left_2021_01_28_16_16_38_735.jpg, D:\simulator-windows-64\Data\IMG\right_2021_01_28_16_16_38_735.jpg, 0.3031803, 0.9726781, 0, 19.74391
D:\simulator-windows-64\Data\IMG\center_2021_01_28_16_16_38_838.jpg, D:\simulator-windows-64\Data\IMG\left_2021_01_28_16_16_38_838.jpg, D:\simulator-windows-64\Data\IMG\right_2021_01_28_16_16_38_838.jpg, 0.388937, 0.6775158, 0, 20.54898
D:\simulator-windows-64\Data\IMG\center_2021_01_28_16_16_38_938.jpg, D:\simulator-windows-64\Data\IMG\left_2021_01_28_16_16_38_938.jpg, D:\simulator-windows-64\Data\IMG\right_2021_01_28_16_16_38_938.jpg, 0.08662856, 0.3752072, 0, 20.83191
D:\simulator-windows-64\Data\IMG\center_2021_01_28_16_16_39_040.jpg, D:\simulator-windows-64\Data\IMG\left_2021_01_28_16_16_39_040.jpg, D:\simulator-windows-64\Data\IMG\right_2021_01_28_16_16_39_040.jpg, 0, 0.08338977, 0, 21.05956
D:\simulator-windows-64\Data\IMG\center_2021_01_28_16_16_39_141.jpg, D:\simulator-windows-64\Data\IMG\left_2021_01_28_16_16_39_141.jpg, D:\simulator-windows-64\Data\IMG\right_2021_01_28_16_16_39_141.jpg, 0, 0, 0, 20.58355
D:\simulator-windows-64\Data\IMG\center_2021_01_28_16_16_39_242.jpg, D:\simulator-windows-64\Data\IMG\left_2021_01_28_16_16_39_242.jpg, D:\simulator-windows-64\Data\IMG\right_2021_01_28_16_16_39_242.jpg, 0, 0, 0, 20.68105
D:\simulator-windows-64\Data\IMG\center_2021_01_28_16_16_39_346.jpg, D:\simulator-windows-64\Data\IMG\left_2021_01_28_16_16_39_346.jpg, D:\simulator-windows-64\Data\IMG\right_2021_01_28_16_16_39_346.jpg, 0.1147035, 0, 0, 20.14959
D:\simulator-windows-64\Data\IMG\center_2021_01_28_16_16_39_449.jpg, D:\simulator-windows-64\Data\IMG\left_2021_01_28_16_16_39_449.jpg, D:\simulator-windows-64\Data\IMG\right_2021_01_28_16_16_39_449.jpg, 0.2011527, 0, 0, 20.22326
D:\simulator-windows-64\Data\IMG\center_2021_01_28_16_16_39_549.jpg, D:\simulator-windows-64\Data\IMG\left_2021_01_28_16_16_39_549.jpg, D:\simulator-windows-64\Data\IMG\right_2021_01_28_16_16_39_549.jpg, 0, 0, 0, 19.67371
D:\simulator-windows-64\Data\IMG\center_2021_01_28_16_16_39_652.jpg, D:\simulator-windows-64\Data\IMG\left_2021_01_28_16_16_39_652.jpg, D:\simulator-windows-64\Data\IMG\right_2021_01_28_16_16_39_652.jpg, 0, 0, 0, 19.41777
D:\simulator-windows-64\Data\IMG\center_2021_01_28_16_16_39_754.jpg, D:\simulator-windows-64\Data\IMG\left_2021_01_28_16_16_39_754.jpg, D:\simulator-windows-64\Data\IMG\right_2021_01_28_16_16_39_754.jpg, 0, 0, 0, 19.60634
D:\simulator-windows-64\Data\IMG\center_2021_01_28_16_16_39_855.jpg, D:\simulator-windows-64\Data\IMG\left_2021_01_28_16_16_39_855.jpg, D:\simulator-windows-64\Data\IMG\right_2021_01_28_16_16_39_855.jpg, 0, 0, 0, 18.99421
D:\simulator-windows-64\Data\IMG\center_2021_01_28_16_16_39_957.jpg, D:\simulator-windows-64\Data\IMG\left_2021_01_28_16_16_39_957.jpg, D:\simulator-windows-64\Data\IMG\right_2021_01_28_16_16_39_957.jpg, 0, 0, 0, 19.23977
D:\simulator-windows-64\Data\IMG\center_2021_01_28_16_16_40_059.jpg, D:\simulator-windows-64\Data\IMG\left_2021_01_28_16_16_40_059.jpg, D:\simulator-windows-64\Data\IMG\right_2021_01_28_16_16_40_059.jpg, 0.0986991, 0, 0, 18.57867
D:\simulator-windows-64\Data\IMG\center_2021_01_28_16_16_40_163.jpg, D:\simulator-windows-64\Data\IMG\left_2021_01_28_16_16_40_163.jpg, D:\simulator-windows-64\Data\IMG\right_2021_01_28_16_16_40_163.jpg, 0.3698193, 0, 0, 18.78223
D:\simulator-windows-64\Data\IMG\center_2021_01_28_16_16_40_266.jpg, D:\simulator-windows-64\Data\IMG\left_2021_01_28_16_16_40_266.jpg, D:\simulator-windows-64\Data\IMG\right_2021_01_28_16_16_40_266.jpg, 0.06354474, 0, 0, 18.11141
D:\simulator-windows-64\Data\IMG\center_2021_01_28_16_16_40_372.jpg, D:\simulator-windows-64\Data\IMG\left_2021_01_28_16_16_40_372.jpg, D:\simulator-windows-64\Data\IMG\right_2021_01_28_16_16_40_372.jpg, 0, 0, 0, 17.8743
D:\simulator-windows-64\Data\IMG\center_2021_01_28_16_16_40_474.jpg, D:\simulator-windows-64\Data\IMG\left_2021_01_28_16_16_40_474.jpg, D:\simulator-windows-64\Data\IMG\right_2021_01_28_16_16_40_474.jpg, 0, 0.0226287, 0, 18.19515
D:\simulator-windows-64\Data\IMG\center_2021_01_28_16_16_40_578.jpg, D:\simulator-windows-64\Data\IMG\left_2021_01_28_16_16_40_578.jpg, D:\simulator-windows-64\Data\IMG\right_2021_01_28_16_16_40_578.jpg, 0, 0.3217089, 0, 17.74891
D:\simulator-windows-64\Data\IMG\center_2021_01_28_16_16_40_682.jpg, D:\simulator-windows-64\Data\IMG\left_2021_01_28_16_16_40_682.jpg, D:\simulator-windows-64\Data\IMG\right_2021_01_28_16_16_40_682.jpg, 0, 0.6210837, 0, 18.54138
D:\simulator-windows-64\Data\IMG\center_2021_01_28_16_16_40_782.jpg, D:\simulator-windows-64\Data\IMG\left_2021_01_28_16_16_40_782.jpg, D:\simulator-windows-64\Data\IMG\right_2021_01_28_16_16_40_782.jpg, 0, 0.9147117, 0, 19.05899
D:\simulator-windows-64\Data\IMG\center_2021_01_28_16_16_40_885.jpg, D:\simulator-windows-64\Data\IMG\left_2021_01_28_16_16_40_885.jpg, D:\simulator-windows-64\Data\IMG\right_2021_01_28_16_16_40_885.jpg, 0.0266082, 1, 0, 20.23102
D:\simulator-windows-64\Data\IMG\center_2021_01_28_16_16_40_989.jpg, D:\simulator-windows-64\Data\IMG\left_2021_01_28_16_16_40_989.jpg, D:\simulator-windows-64\Data\IMG\right_2021_01_28_16_16_40_989.jpg, 0.3283458, 0.7212707, 0, 20.93362
D:\simulator-windows-64\Data\IMG\center_2021_01_28_16_16_41_090.jpg, D:\simulator-windows-64\Data\IMG\left_2021_01_28_16_16_41_090.jpg, D:\simulator-windows-64\Data\IMG\right_2021_01_28_16_16_41_090.jpg, 0.1300326, 0.4309421, 0, 21.47312
D:\simulator-windows-64\Data\IMG\center_2021_01_28_16_16_41_191.jpg, D:\simulator-windows-64\Data\IMG\left_2021_01_28_16_16_41_191.jpg, D:\simulator-windows-64\Data\IMG\right_2021_01_28_16_16_41_191.jpg, 0, 0.06888203, 0, 21.55438
D:\simulator-windows-64\Data\IMG\center_2021_01_28_16_16_41_294.jpg, D:\simulator-windows-64\Data\IMG\left_2021_01_28_16_16_41_294.jpg, D:\simulator-windows-64\Data\IMG\right_2021_01_28_16_16_41_294.jpg, 0, 0, 0, 21.15479
D:\simulator-windows-64\Data\IMG\center_2021_01_28_16_16_41_396.jpg, D:\simulator-windows-64\Data\IMG\left_2021_01_28_16_16_41_396.jpg, D:\simulator-windows-64\Data\IMG\right_2021_01_28_16_16_41_396.jpg, 0, 0, 0, 21.1943
D:\simulator-windows-64\Data\IMG\center_2021_01_28_16_16_41_499.jpg, D:\simulator-windows-64\Data\IMG\left_2021_01_28_16_16_41_499.jpg, D:\simulator-windows-64\Data\IMG\right_2021_01_28_16_16_41_499.jpg, 0.2807823, 0, 0, 20.64644
D:\simulator-windows-64\Data\IMG\center_2021_01_28_16_16_41_600.jpg, D:\simulator-windows-64\Data\IMG\left_2021_01_28_16_16_41_600.jpg, D:\simulator-windows-64\Data\IMG\right_2021_01_28_16_16_41_600.jpg, 0.02678218, 0, 0, 20.73692
D:\simulator-windows-64\Data\IMG\center_2021_01_28_16_16_41_702.jpg, D:\simulator-windows-64\Data\IMG\left_2021_01_28_16_16_41_702.jpg, D:\simulator-windows-64\Data\IMG\right_2021_01_28_16_16_41_702.jpg, 0, 0, 0, 20.20514
D:\simulator-windows-64\Data\IMG\center_2021_01_28_16_16_41_804.jpg, D:\simulator-windows-64\Data\IMG\left_2021_01_28_16_16_41_804.jpg, D:\simulator-windows-64\Data\IMG\right_2021_01_28_16_16_41_804.jpg, 0, 0, 0, 20.32853
D:\simulator-windows-64\Data\IMG\center_2021_01_28_16_16_41_906.jpg, D:\simulator-windows-64\Data\IMG\left_2021_01_28_16_16_41_906.jpg, D:\simulator-windows-64\Data\IMG\right_2021_01_28_16_16_41_906.jpg, 0, 0.0708339, 0, 19.79352
D:\simulator-windows-64\Data\IMG\center_2021_01_28_16_16_42_006.jpg, D:\simulator-windows-64\Data\IMG\left_2021_01_28_16_16_42_006.jpg, D:\simulator-windows-64\Data\IMG\right_2021_01_28_16_16_42_006.jpg, 0, 0.3628452, 0, 20.18083
D:\simulator-windows-64\Data\IMG\center_2021_01_28_16_16_42_109.jpg, D:\simulator-windows-64\Data\IMG\left_2021_01_28_16_16_42_109.jpg, D:\simulator-windows-64\Data\IMG\right_2021_01_28_16_16_42_109.jpg, 0, 0.1549356, 0, 20.04037
D:\simulator-windows-64\Data\IMG\center_2021_01_28_16_16_42_210.jpg, D:\simulator-windows-64\Data\IMG\left_2021_01_28_16_16_42_210.jpg, D:\simulator-windows-64\Data\IMG\right_2021_01_28_16_16_42_210.jpg, 0, 0, 0, 20.17666
D:\simulator-windows-64\Data\IMG\center_2021_01_28_16_16_42_311.jpg, D:\simulator-windows-64\Data\IMG\left_2021_01_28_16_16_42_311.jpg, D:\simulator-windows-64\Data\IMG\right_2021_01_28_16_16_42_311.jpg, 0.3063054, 0, 0, 19.88744
D:\simulator-windows-64\Data\IMG\center_2021_01_28_16_16_42_413.jpg, D:\simulator-windows-64\Data\IMG\left_2021_01_28_16_16_42_413.jpg, D:\simulator-windows-64\Data\IMG\right_2021_01_28_16_16_42_413.jpg, 0.299433, 0, 0, 19.24407
D:\simulator-windows-64\Data\IMG\center_2021_01_28_16_16_42_517.jpg, D:\simulator-windows-64\Data\IMG\left_2021_01_28_16_16_42_517.jpg, D:\simulator-windows-64\Data\IMG\right_2021_01_28_16_16_42_517.jpg, 0.003357274, 0, 0, 19.43745
D:\simulator-windows-64\Data\IMG\center_2021_01_28_16_16_42_618.jpg, D:\simulator-windows-64\Data\IMG\left_2021_01_28_16_16_42_618.jpg, D:\simulator-windows-64\Data\IMG\right_2021_01_28_16_16_42_618.jpg, 0, 0, 0, 18.80981
D:\simulator-windows-64\Data\IMG\center_2021_01_28_16_16_42_721.jpg, D:\simulator-windows-64\Data\IMG\left_2021_01_28_16_16_42_721.jpg, D:\simulator-windows-64\Data\IMG\right_2021_01_28_16_16_42_721.jpg, 0, 0, 0, 19.06459
D:\simulator-windows-64\Data\IMG\center_2021_01_28_16_16_42_823.jpg, D:\simulator-windows-64\Data\IMG\left_2021_01_28_16_16_42_823.jpg, D:\simulator-windows-64\Data\IMG\right_2021_01_28_16_16_42_823.jpg, 0, 0, 0, 18.40173
D:\simulator-windows-64\Data\IMG\center_2021_01_28_16_16_42_925.jpg, D:\simulator-windows-64\Data\IMG\left_2021_01_28_16_16_42_925.jpg, D:\simulator-windows-64\Data\IMG\right_2021_01_28_16_16_42_925.jpg, 0, 0, 0, 18.69972
D:\simulator-windows-64\Data\IMG\center_2021_01_28_16_16_43_026.jpg, D:\simulator-windows-64\Data\IMG\left_2021_01_28_16_16_43_026.jpg, D:\simulator-windows-64\Data\IMG\right_2021_01_28_16_16_43_026.jpg, 0, 0, 0, 18.01449
D:\simulator-windows-64\Data\IMG\center_2021_01_28_16_16_43_128.jpg, D:\simulator-windows-64\Data\IMG\left_2021_01_28_16_16_43_128.jpg, D:\simulator-windows-64\Data\IMG\right_2021_01_28_16_16_43_128.jpg, 0, 0, 0, 18.33446
D:\simulator-windows-64\Data\IMG\center_2021_01_28_16_16_43_228.jpg, D:\simulator-windows-64\Data\IMG\left_2021_01_28_16_16_43_228.jpg, D:\simulator-windows-64\Data\IMG\right_2021_01_28_16_16_43_228.jpg, 0.250746, 0, 0, 17.63037
D:\simulator-windows-64\Data\IMG\center_2021_01_28_16_16_43_333.jpg, D:\simulator-windows-64\Data\IMG\left_2021_01_28_16_16_43_333.jpg, D:\simulator-windows-64\Data\IMG\right_2021_01_28_16_16_43_333.jpg, 0, 0, 0, 17.38922
D:\simulator-windows-64\Data\IMG\center_2021_01_28_16_16_43_433.jpg, D:\simulator-windows-64\Data\IMG\left_2021_01_28_16_16_43_433.jpg, D:\simulator-windows-64\Data\IMG\right_2021_01_28_16_16_43_433.jpg, 0, 0, 0, 17.73199
D:\simulator-windows-64\Data\IMG\center_2021_01_28_16_16_43_536.jpg, D:\simulator-windows-64\Data\IMG\left_2021_01_28_16_16_43_536.jpg, D:\simulator-windows-64\Data\IMG\right_2021_01_28_16_16_43_536.jpg, 0, 0, 0, 17.02426
D:\simulator-windows-64\Data\IMG\center_2021_01_28_16_16_43_637.jpg, D:\simulator-windows-64\Data\IMG\left_2021_01_28_16_16_43_637.jpg, D:\simulator-windows-64\Data\IMG\right_2021_01_28_16_16_43_637.jpg, 0, 0, 0, 17.38322
D:\simulator-windows-64\Data\IMG\center_2021_01_28_16_16_43_738.jpg, D:\simulator-windows-64\Data\IMG\left_2021_01_28_16_16_43_738.jpg, D:\simulator-windows-64\Data\IMG\right_2021_01_28_16_16_43_738.jpg, 0.0340383, 0, 0, 16.67236
D:\simulator-windows-64\Data\IMG\center_2021_01_28_16_16_43_838.jpg, D:\simulator-windows-64\Data\IMG\left_2021_01_28_16_16_43_838.jpg, D:\simulator-windows-64\Data\IMG\right_2021_01_28_16_16_43_838.jpg, 0.2848368, 0, 0, 16.99331
D:\simulator-windows-64\Data\IMG\center_2021_01_28_16_16_43_939.jpg, D:\simulator-windows-64\Data\IMG\left_2021_01_28_16_16_43_939.jpg, D:\simulator-windows-64\Data\IMG\right_2021_01_28_16_16_43_939.jpg, 0, 0, 0, 16.29011
D:\simulator-windows-64\Data\IMG\center_2021_01_28_16_16_44_043.jpg, D:\simulator-windows-64\Data\IMG\left_2021_01_28_16_16_44_043.jpg, D:\simulator-windows-64\Data\IMG\right_2021_01_28_16_16_44_043.jpg, 0, 0, 0, 16.66538
D:\simulator-windows-64\Data\IMG\center_2021_01_28_16_16_44_146.jpg, D:\simulator-windows-64\Data\IMG\left_2021_01_28_16_16_44_146.jpg, D:\simulator-windows-64\Data\IMG\right_2021_01_28_16_16_44_146.jpg, 0, 0, 0, 15.95618
D:\simulator-windows-64\Data\IMG\center_2021_01_28_16_16_44_249.jpg, D:\simulator-windows-64\Data\IMG\left_2021_01_28_16_16_44_249.jpg, D:\simulator-windows-64\Data\IMG\right_2021_01_28_16_16_44_249.jpg, 0, 0, 0, 16.34333
D:\simulator-windows-64\Data\IMG\center_2021_01_28_16_16_44_351.jpg, D:\simulator-windows-64\Data\IMG\left_2021_01_28_16_16_44_351.jpg, D:\simulator-windows-64\Data\IMG\right_2021_01_28_16_16_44_351.jpg, 0, 0, 0, 16.15666
D:\simulator-windows-64\Data\IMG\center_2021_01_28_16_16_44_454.jpg, D:\simulator-windows-64\Data\IMG\left_2021_01_28_16_16_44_454.jpg, D:\simulator-windows-64\Data\IMG\right_2021_01_28_16_16_44_454.jpg, 0, 0, 0, 15.47168
D:\simulator-windows-64\Data\IMG\center_2021_01_28_16_16_44_557.jpg, D:\simulator-windows-64\Data\IMG\left_2021_01_28_16_16_44_557.jpg, D:\simulator-windows-64\Data\IMG\right_2021_01_28_16_16_44_557.jpg, 0, 0, 0, 15.84665
D:\simulator-windows-64\Data\IMG\center_2021_01_28_16_16_44_658.jpg, D:\simulator-windows-64\Data\IMG\left_2021_01_28_16_16_44_658.jpg, D:\simulator-windows-64\Data\IMG\right_2021_01_28_16_16_44_658.jpg, 0, 0, 0, 15.16813
D:\simulator-windows-64\Data\IMG\center_2021_01_28_16_16_44_759.jpg, D:\simulator-windows-64\Data\IMG\left_2021_01_28_16_16_44_759.jpg, D:\simulator-windows-64\Data\IMG\right_2021_01_28_16_16_44_759.jpg, 0, 0, 0, 15.53713
D:\simulator-windows-64\Data\IMG\center_2021_01_28_16_16_44_861.jpg, D:\simulator-windows-64\Data\IMG\left_2021_01_28_16_16_44_861.jpg, D:\simulator-windows-64\Data\IMG\right_2021_01_28_16_16_44_861.jpg, 0, 0, 0, 14.86614
D:\simulator-windows-64\Data\IMG\center_2021_01_28_16_16_44_961.jpg, D:\simulator-windows-64\Data\IMG\left_2021_01_28_16_16_44_961.jpg, D:\simulator-windows-64\Data\IMG\right_2021_01_28_16_16_44_961.jpg, 0, 0, 0, 15.23303
D:\simulator-windows-64\Data\IMG\center_2021_01_28_16_16_45_064.jpg, D:\simulator-windows-64\Data\IMG\left_2021_01_28_16_16_45_064.jpg, D:\simulator-windows-64\Data\IMG\right_2021_01_28_16_16_45_064.jpg, 0.1499016, 0, 0, 14.56315
D:\simulator-windows-64\Data\IMG\center_2021_01_28_16_16_45_168.jpg, D:\simulator-windows-64\Data\IMG\left_2021_01_28_16_16_45_168.jpg, D:\simulator-windows-64\Data\IMG\right_2021_01_28_16_16_45_168.jpg, 0.1751028, 0, 0, 14.87434
D:\simulator-windows-64\Data\IMG\center_2021_01_28_16_16_45_270.jpg, D:\simulator-windows-64\Data\IMG\left_2021_01_28_16_16_45_270.jpg, D:\simulator-windows-64\Data\IMG\right_2021_01_28_16_16_45_270.jpg, 0, 0, 0, 14.16873
D:\simulator-windows-64\Data\IMG\center_2021_01_28_16_16_45_372.jpg, D:\simulator-windows-64\Data\IMG\left_2021_01_28_16_16_45_372.jpg, D:\simulator-windows-64\Data\IMG\right_2021_01_28_16_16_45_372.jpg, 0, 0, 0, 14.06548
D:\simulator-windows-64\Data\IMG\center_2021_01_28_16_16_45_473.jpg, D:\simulator-windows-64\Data\IMG\left_2021_01_28_16_16_45_473.jpg, D:\simulator-windows-64\Data\IMG\right_2021_01_28_16_16_45_473.jpg, 0, 0, 0, 14.39739
D:\simulator-windows-64\Data\IMG\center_2021_01_28_16_16_45_576.jpg, D:\simulator-windows-64\Data\IMG\left_2021_01_28_16_16_45_576.jpg, D:\simulator-windows-64\Data\IMG\right_2021_01_28_16_16_45_576.jpg, 0.1362141, 0, 0, 13.74488
D:\simulator-windows-64\Data\IMG\center_2021_01_28_16_16_45_680.jpg, D:\simulator-windows-64\Data\IMG\left_2021_01_28_16_16_45_680.jpg, D:\simulator-windows-64\Data\IMG\right_2021_01_28_16_16_45_680.jpg, 0.3927243, 0, 0, 14.02994
D:\simulator-windows-64\Data\IMG\center_2021_01_28_16_16_45_783.jpg, D:\simulator-windows-64\Data\IMG\left_2021_01_28_16_16_45_783.jpg, D:\simulator-windows-64\Data\IMG\right_2021_01_28_16_16_45_783.jpg, 0.09802293, 0, 0, 13.36284
D:\simulator-windows-64\Data\IMG\center_2021_01_28_16_16_45_887.jpg, D:\simulator-windows-64\Data\IMG\left_2021_01_28_16_16_45_887.jpg, D:\simulator-windows-64\Data\IMG\right_2021_01_28_16_16_45_887.jpg, 0, 0, 0, 13.71937
D:\simulator-windows-64\Data\IMG\center_2021_01_28_16_16_45_987.jpg, D:\simulator-windows-64\Data\IMG\left_2021_01_28_16_16_45_987.jpg, D:\simulator-windows-64\Data\IMG\right_2021_01_28_16_16_45_987.jpg, 0, 0, 0, 13.08143
D:\simulator-windows-64\Data\IMG\center_2021_01_28_16_16_46_092.jpg, D:\simulator-windows-64\Data\IMG\left_2021_01_28_16_16_46_092.jpg, D:\simulator-windows-64\Data\IMG\right_2021_01_28_16_16_46_092.jpg, 0.0113757, 0, 0, 12.90177
D:\simulator-windows-64\Data\IMG\center_2021_01_28_16_16_46_192.jpg, D:\simulator-windows-64\Data\IMG\left_2021_01_28_16_16_46_192.jpg, D:\simulator-windows-64\Data\IMG\right_2021_01_28_16_16_46_192.jpg, 0.1436187, 0, 0, 13.27244
D:\simulator-windows-64\Data\IMG\center_2021_01_28_16_16_46_295.jpg, D:\simulator-windows-64\Data\IMG\left_2021_01_28_16_16_46_295.jpg, D:\simulator-windows-64\Data\IMG\right_2021_01_28_16_16_46_295.jpg, 0, 0, 0, 12.55636
D:\simulator-windows-64\Data\IMG\center_2021_01_28_16_16_46_399.jpg, D:\simulator-windows-64\Data\IMG\left_2021_01_28_16_16_46_399.jpg, D:\simulator-windows-64\Data\IMG\right_2021_01_28_16_16_46_399.jpg, 0, 0, 0, 12.9924
D:\simulator-windows-64\Data\IMG\center_2021_01_28_16_16_46_501.jpg, D:\simulator-windows-64\Data\IMG\left_2021_01_28_16_16_46_501.jpg, D:\simulator-windows-64\Data\IMG\right_2021_01_28_16_16_46_501.jpg, 0, 0, 0, 12.35763
D:\simulator-windows-64\Data\IMG\center_2021_01_28_16_16_46_600.jpg, D:\simulator-windows-64\Data\IMG\left_2021_01_28_16_16_46_600.jpg, D:\simulator-windows-64\Data\IMG\right_2021_01_28_16_16_46_600.jpg, 0, 0, 0, 12.75623
D:\simulator-windows-64\Data\IMG\center_2021_01_28_16_16_46_702.jpg, D:\simulator-windows-64\Data\IMG\left_2021_01_28_16_16_46_702.jpg, D:\simulator-windows-64\Data\IMG\right_2021_01_28_16_16_46_702.jpg, 0, 0, 0, 12.14386
D:\simulator-windows-64\Data\IMG\center_2021_01_28_16_16_46_804.jpg, D:\simulator-windows-64\Data\IMG\left_2021_01_28_16_16_46_804.jpg, D:\simulator-windows-64\Data\IMG\right_2021_01_28_16_16_46_804.jpg, 0, 0, 0, 12.35411
D:\simulator-windows-64\Data\IMG\center_2021_01_28_16_16_46_907.jpg, D:\simulator-windows-64\Data\IMG\left_2021_01_28_16_16_46_907.jpg, D:\simulator-windows-64\Data\IMG\right_2021_01_28_16_16_46_907.jpg, 0, 0, 0, 11.87397
D:\simulator-windows-64\Data\IMG\center_2021_01_28_16_16_47_009.jpg, D:\simulator-windows-64\Data\IMG\left_2021_01_28_16_16_47_009.jpg, D:\simulator-windows-64\Data\IMG\right_2021_01_28_16_16_47_009.jpg, 0, 0, 0, 12.20375
D:\simulator-windows-64\Data\IMG\center_2021_01_28_16_16_47_114.jpg, D:\simulator-windows-64\Data\IMG\left_2021_01_28_16_16_47_114.jpg, D:\simulator-windows-64\Data\IMG\right_2021_01_28_16_16_47_114.jpg, 0, 0, 0, 12.07375
D:\simulator-windows-64\Data\IMG\center_2021_01_28_16_16_47_217.jpg, D:\simulator-windows-64\Data\IMG\left_2021_01_28_16_16_47_217.jpg, D:\simulator-windows-64\Data\IMG\right_2021_01_28_16_16_47_217.jpg, 0, 0, 0, 11.41861
D:\simulator-windows-64\Data\IMG\center_2021_01_28_16_16_47_317.jpg, D:\simulator-windows-64\Data\IMG\left_2021_01_28_16_16_47_317.jpg, D:\simulator-windows-64\Data\IMG\right_2021_01_28_16_16_47_317.jpg, 0, 0, 0, 11.82437
D:\simulator-windows-64\Data\IMG\center_2021_01_28_16_16_47_419.jpg, D:\simulator-windows-64\Data\IMG\left_2021_01_28_16_16_47_419.jpg, D:\simulator-windows-64\Data\IMG\right_2021_01_28_16_16_47_419.jpg, 0, 0, 0, 11.20558
D:\simulator-windows-64\Data\IMG\center_2021_01_28_16_16_47_522.jpg, D:\simulator-windows-64\Data\IMG\left_2021_01_28_16_16_47_522.jpg, D:\simulator-windows-64\Data\IMG\right_2021_01_28_16_16_47_522.jpg, 0, 0, 0, 11.31116
D:\simulator-windows-64\Data\IMG\center_2021_01_28_16_16_47_622.jpg, D:\simulator-windows-64\Data\IMG\left_2021_01_28_16_16_47_622.jpg, D:\simulator-windows-64\Data\IMG\right_2021_01_28_16_16_47_622.jpg, 0, 0, 0, 11.29217
D:\simulator-windows-64\Data\IMG\center_2021_01_28_16_16_47_724.jpg, D:\simulator-windows-64\Data\IMG\left_2021_01_28_16_16_47_724.jpg, D:\simulator-windows-64\Data\IMG\right_2021_01_28_16_16_47_724.jpg, 0, 0, 0, 11.18021
D:\simulator-windows-64\Data\IMG\center_2021_01_28_16_16_47_824.jpg, D:\simulator-windows-64\Data\IMG\left_2021_01_28_16_16_47_824.jpg, D:\simulator-windows-64\Data\IMG\right_2021_01_28_16_16_47_824.jpg, 0, 0, 0, 11.07392
D:\simulator-windows-64\Data\IMG\center_2021_01_28_16_16_47_925.jpg, D:\simulator-windows-64\Data\IMG\left_2021_01_28_16_16_47_925.jpg, D:\simulator-windows-64\Data\IMG\right_2021_01_28_16_16_47_925.jpg, 0, 0, 0, 10.96278
D:\simulator-windows-64\Data\IMG\center_2021_01_28_16_16_48_026.jpg, D:\simulator-windows-64\Data\IMG\left_2021_01_28_16_16_48_026.jpg, D:\simulator-windows-64\Data\IMG\right_2021_01_28_16_16_48_026.jpg, 0, 0, 0, 10.85274
